year,month,day,hour,GHI_W/m2,Temp_C,WindSpeed_m/s,datetime
2025,6,9,0,0.0,23.68,1.43,2025-06-09 00:00:00
2025,6,9,1,0.0,23.58,1.48,2025-06-09 01:00:00
2025,6,9,2,0.0,23.47,1.53,2025-06-09 02:00:00
2025,6,9,3,0.0,23.4,1.65,2025-06-09 03:00:00
2025,6,9,4,0.0,23.42,1.63,2025-06-09 04:00:00
2025,6,9,5,0.0,23.48,1.56,2025-06-09 05:00:00
2025,6,9,6,0.0,23.94,1.97,2025-06-09 06:00:00
2025,6,9,7,0.0,24.69,2.39,2025-06-09 07:00:00
2025,6,9,8,0.0,25.64,2.68,2025-06-09 08:00:00
2025,6,9,9,0.0,26.69,2.84,2025-06-09 09:00:00
2025,6,9,10,0.0,27.97,2.98,2025-06-09 10:00:00
2025,6,9,11,0.0,28.75,2.99,2025-06-09 11:00:00
2025,6,9,12,0.0,29.25,3.07,2025-06-09 12:00:00
2025,6,9,13,0.0,29.58,3.16,2025-06-09 13:00:00
2025,6,9,14,0.0,29.7,3.26,2025-06-09 14:00:00
2025,6,9,15,0.0,29.32,3.37,2025-06-09 15:00:00
2025,6,9,16,0.0,28.39,3.27,2025-06-09 16:00:00
2025,6,9,17,0.0,27.16,2.81,2025-06-09 17:00:00
2025,6,9,18,0.0,25.79,1.9,2025-06-09 18:00:00
2025,6,9,19,0.0,24.95,1.33,2025-06-09 19:00:00
2025,6,9,20,0.0,24.54,1.18,2025-06-09 20:00:00
2025,6,9,21,0.0,24.23,1.16,2025-06-09 21:00:00
2025,6,9,22,0.0,23.94,1.18,2025-06-09 22:00:00
2025,6,9,23,0.0,23.64,1.27,2025-06-09 23:00:00
2025,6,10,0,0.0,23.38,1.39,2025-06-10 00:00:00
2025,6,10,1,0.0,23.23,1.57,2025-06-10 01:00:00
2025,6,10,2,0.0,23.16,1.82,2025-06-10 02:00:00
2025,6,10,3,0.0,23.04,1.94,2025-06-10 03:00:00
2025,6,10,4,0.0,22.94,1.93,2025-06-10 04:00:00
2025,6,10,5,0.0,22.94,1.77,2025-06-10 05:00:00
2025,6,10,6,0.0,23.23,2.0,2025-06-10 06:00:00
2025,6,10,7,0.0,24.02,2.5,2025-06-10 07:00:00
2025,6,10,8,0.0,25.16,2.81,2025-06-10 08:00:00
2025,6,10,9,0.0,26.51,3.09,2025-06-10 09:00:00
2025,6,10,10,0.0,27.91,3.33,2025-06-10 10:00:00
2025,6,10,11,0.0,28.92,3.44,2025-06-10 11:00:00
2025,6,10,12,0.0,29.77,3.39,2025-06-10 12:00:00
2025,6,10,13,0.0,30.24,3.29,2025-06-10 13:00:00
2025,6,10,14,0.0,30.04,3.24,2025-06-10 14:00:00
2025,6,10,15,0.0,29.59,3.29,2025-06-10 15:00:00
2025,6,10,16,0.0,28.63,3.24,2025-06-10 16:00:00
2025,6,10,17,0.0,27.35,2.95,2025-06-10 17:00:00
2025,6,10,18,0.0,26.13,2.31,2025-06-10 18:00:00
2025,6,10,19,0.0,25.22,1.82,2025-06-10 19:00:00
2025,6,10,20,0.0,24.64,1.87,2025-06-10 20:00:00
2025,6,10,21,0.0,24.1,1.69,2025-06-10 21:00:00
2025,6,10,22,0.0,23.73,1.61,2025-06-10 22:00:00
2025,6,10,23,0.0,23.49,1.68,2025-06-10 23:00:00
2025,6,11,0,0.0,23.36,1.93,2025-06-11 00:00:00
2025,6,11,1,0.0,23.32,2.22,2025-06-11 01:00:00
2025,6,11,2,0.0,23.26,2.25,2025-06-11 02:00:00
2025,6,11,3,0.0,23.24,2.11,2025-06-11 03:00:00
2025,6,11,4,0.0,23.32,1.99,2025-06-11 04:00:00
2025,6,11,5,0.0,23.44,1.7,2025-06-11 05:00:00
2025,6,11,6,0.0,23.96,1.89,2025-06-11 06:00:00
2025,6,11,7,0.0,24.87,2.35,2025-06-11 07:00:00
2025,6,11,8,0.0,25.75,2.8,2025-06-11 08:00:00
2025,6,11,9,0.0,26.34,3.01,2025-06-11 09:00:00
2025,6,11,10,0.0,26.98,3.18,2025-06-11 10:00:00
2025,6,11,11,0.0,28.17,3.38,2025-06-11 11:00:00
2025,6,11,12,0.0,28.93,3.43,2025-06-11 12:00:00
2025,6,11,13,0.0,29.29,3.38,2025-06-11 13:00:00
2025,6,11,14,0.0,29.75,3.42,2025-06-11 14:00:00
2025,6,11,15,0.0,29.73,3.39,2025-06-11 15:00:00
2025,6,11,16,0.0,29.07,3.12,2025-06-11 16:00:00
2025,6,11,17,0.0,27.97,2.85,2025-06-11 17:00:00
2025,6,11,18,0.0,26.43,2.24,2025-06-11 18:00:00
2025,6,11,19,0.0,25.33,1.51,2025-06-11 19:00:00
2025,6,11,20,0.0,24.89,1.31,2025-06-11 20:00:00
2025,6,11,21,0.0,24.49,1.55,2025-06-11 21:00:00
2025,6,11,22,0.0,24.11,1.62,2025-06-11 22:00:00
2025,6,11,23,0.0,23.83,1.9,2025-06-11 23:00:00
2025,6,12,0,0.0,23.7,1.95,2025-06-12 00:00:00
2025,6,12,1,0.0,23.65,2.15,2025-06-12 01:00:00
2025,6,12,2,0.0,23.67,2.23,2025-06-12 02:00:00
2025,6,12,3,0.0,23.77,1.96,2025-06-12 03:00:00
2025,6,12,4,0.0,23.86,1.62,2025-06-12 04:00:00
2025,6,12,5,0.0,24.01,1.8,2025-06-12 05:00:00
2025,6,12,6,0.0,24.24,2.23,2025-06-12 06:00:00
2025,6,12,7,0.0,24.68,2.51,2025-06-12 07:00:00
2025,6,12,8,0.0,25.43,2.86,2025-06-12 08:00:00
2025,6,12,9,0.0,26.2,3.13,2025-06-12 09:00:00
2025,6,12,10,0.0,27.0,3.31,2025-06-12 10:00:00
2025,6,12,11,0.0,27.71,3.35,2025-06-12 11:00:00
2025,6,12,12,0.0,27.97,3.15,2025-06-12 12:00:00
2025,6,12,13,0.0,28.09,2.99,2025-06-12 13:00:00
2025,6,12,14,0.0,28.15,2.99,2025-06-12 14:00:00
2025,6,12,15,0.0,28.16,3.01,2025-06-12 15:00:00
2025,6,12,16,0.0,27.48,2.85,2025-06-12 16:00:00
2025,6,12,17,0.0,26.38,2.41,2025-06-12 17:00:00
2025,6,12,18,0.0,25.41,1.89,2025-06-12 18:00:00
2025,6,12,19,0.0,24.86,1.77,2025-06-12 19:00:00
2025,6,12,20,0.0,24.53,1.37,2025-06-12 20:00:00
2025,6,12,21,0.0,24.28,1.01,2025-06-12 21:00:00
2025,6,12,22,0.0,24.09,0.8,2025-06-12 22:00:00
2025,6,12,23,0.0,23.84,0.91,2025-06-12 23:00:00
2025,6,13,0,0.0,23.66,1.28,2025-06-13 00:00:00
2025,6,13,1,0.0,23.7,1.62,2025-06-13 01:00:00
2025,6,13,2,0.0,23.78,1.86,2025-06-13 02:00:00
2025,6,13,3,0.0,23.75,1.76,2025-06-13 03:00:00
2025,6,13,4,0.0,23.76,1.68,2025-06-13 04:00:00
2025,6,13,5,0.0,23.75,1.61,2025-06-13 05:00:00
2025,6,13,6,0.0,23.9,1.46,2025-06-13 06:00:00
2025,6,13,7,0.0,24.39,1.59,2025-06-13 07:00:00
2025,6,13,8,0.0,25.5,1.79,2025-06-13 08:00:00
2025,6,13,9,0.0,27.11,1.92,2025-06-13 09:00:00
2025,6,13,10,0.0,29.05,1.83,2025-06-13 10:00:00
2025,6,13,11,0.0,30.59,1.76,2025-06-13 11:00:00
2025,6,13,12,0.0,31.42,1.65,2025-06-13 12:00:00
2025,6,13,13,0.0,31.71,1.57,2025-06-13 13:00:00
2025,6,13,14,0.0,31.57,1.57,2025-06-13 14:00:00
2025,6,13,15,0.0,30.55,1.59,2025-06-13 15:00:00
2025,6,13,16,0.0,29.2,1.75,2025-06-13 16:00:00
2025,6,13,17,0.0,27.75,1.9,2025-06-13 17:00:00
2025,6,13,18,0.0,26.12,2.06,2025-06-13 18:00:00
2025,6,13,19,0.0,24.89,1.86,2025-06-13 19:00:00
2025,6,13,20,0.0,24.41,1.58,2025-06-13 20:00:00
2025,6,13,21,0.0,24.21,1.46,2025-06-13 21:00:00
2025,6,13,22,0.0,24.14,1.4,2025-06-13 22:00:00
2025,6,13,23,0.0,24.07,1.34,2025-06-13 23:00:00
2025,6,14,0,0.0,24.02,1.29,2025-06-14 00:00:00
2025,6,14,1,0.0,23.97,1.22,2025-06-14 01:00:00
2025,6,14,2,0.0,23.93,1.11,2025-06-14 02:00:00
2025,6,14,3,0.0,23.92,1.07,2025-06-14 03:00:00
2025,6,14,4,0.0,23.9,0.99,2025-06-14 04:00:00
2025,6,14,5,0.0,23.87,0.84,2025-06-14 05:00:00
2025,6,14,6,0.0,24.12,1.07,2025-06-14 06:00:00
2025,6,14,7,0.0,24.86,1.19,2025-06-14 07:00:00
2025,6,14,8,0.0,26.13,1.25,2025-06-14 08:00:00
2025,6,14,9,0.0,27.94,1.32,2025-06-14 09:00:00
2025,6,14,10,0.0,29.63,1.42,2025-06-14 10:00:00
2025,6,14,11,0.0,30.65,1.34,2025-06-14 11:00:00
2025,6,14,12,0.0,31.64,1.25,2025-06-14 12:00:00
2025,6,14,13,0.0,32.26,1.15,2025-06-14 13:00:00
2025,6,14,14,0.0,32.42,1.12,2025-06-14 14:00:00
2025,6,14,15,0.0,32.03,1.31,2025-06-14 15:00:00
2025,6,14,16,0.0,31.08,1.81,2025-06-14 16:00:00
2025,6,14,17,0.0,29.41,1.95,2025-06-14 17:00:00
2025,6,14,18,0.0,27.63,1.36,2025-06-14 18:00:00
2025,6,14,19,0.0,26.58,1.17,2025-06-14 19:00:00
2025,6,14,20,0.0,26.01,0.83,2025-06-14 20:00:00
2025,6,14,21,0.0,25.58,0.92,2025-06-14 21:00:00
2025,6,14,22,0.0,25.15,0.93,2025-06-14 22:00:00
2025,6,14,23,0.0,24.71,1.08,2025-06-14 23:00:00
2025,6,15,0,0.0,24.32,1.05,2025-06-15 00:00:00
2025,6,15,1,0.0,24.03,0.99,2025-06-15 01:00:00
2025,6,15,2,0.0,23.83,0.86,2025-06-15 02:00:00
2025,6,15,3,0.0,23.71,0.75,2025-06-15 03:00:00
2025,6,15,4,0.0,23.55,0.8,2025-06-15 04:00:00
2025,6,15,5,0.0,23.35,1.02,2025-06-15 05:00:00
2025,6,15,6,0.0,23.69,1.83,2025-06-15 06:00:00
2025,6,15,7,0.0,24.72,2.18,2025-06-15 07:00:00
2025,6,15,8,0.0,26.14,2.43,2025-06-15 08:00:00
2025,6,15,9,0.0,27.3,2.65,2025-06-15 09:00:00
2025,6,15,10,0.0,27.68,2.59,2025-06-15 10:00:00
2025,6,15,11,0.0,27.27,2.15,2025-06-15 11:00:00
2025,6,15,12,0.0,26.64,1.72,2025-06-15 12:00:00
2025,6,15,13,0.0,26.07,1.18,2025-06-15 13:00:00
2025,6,15,14,0.0,25.6,0.84,2025-06-15 14:00:00
2025,6,15,15,0.0,25.21,1.18,2025-06-15 15:00:00
2025,6,15,16,0.0,24.99,1.42,2025-06-15 16:00:00
2025,6,15,17,0.0,24.79,1.49,2025-06-15 17:00:00
2025,6,15,18,0.0,24.5,1.36,2025-06-15 18:00:00
2025,6,15,19,0.0,24.35,1.13,2025-06-15 19:00:00
2025,6,15,20,0.0,24.38,1.24,2025-06-15 20:00:00
2025,6,15,21,0.0,24.39,1.56,2025-06-15 21:00:00
2025,6,15,22,0.0,24.3,1.96,2025-06-15 22:00:00
2025,6,15,23,0.0,24.09,2.34,2025-06-15 23:00:00
2025,6,16,0,0.0,23.71,2.73,2025-06-16 00:00:00
2025,6,16,1,0.0,23.21,2.77,2025-06-16 01:00:00
2025,6,16,2,0.0,22.96,2.45,2025-06-16 02:00:00
2025,6,16,3,0.0,22.89,2.22,2025-06-16 03:00:00
2025,6,16,4,0.0,22.88,2.02,2025-06-16 04:00:00
2025,6,16,5,0.0,22.87,1.96,2025-06-16 05:00:00
2025,6,16,6,0.0,22.99,2.16,2025-06-16 06:00:00
2025,6,16,7,0.0,23.28,2.43,2025-06-16 07:00:00
2025,6,16,8,0.0,23.67,2.98,2025-06-16 08:00:00
2025,6,16,9,0.0,24.11,3.5,2025-06-16 09:00:00
2025,6,16,10,0.0,24.22,4.0,2025-06-16 10:00:00
2025,6,16,11,0.0,24.15,4.4,2025-06-16 11:00:00
2025,6,16,12,0.0,23.93,4.52,2025-06-16 12:00:00
2025,6,16,13,0.0,23.7,4.56,2025-06-16 13:00:00
2025,6,16,14,0.0,23.66,4.56,2025-06-16 14:00:00
2025,6,16,15,0.0,23.65,4.74,2025-06-16 15:00:00
2025,6,16,16,0.0,23.57,4.67,2025-06-16 16:00:00
2025,6,16,17,0.0,23.4,4.76,2025-06-16 17:00:00
2025,6,16,18,0.0,23.12,4.75,2025-06-16 18:00:00
2025,6,16,19,0.0,22.94,4.68,2025-06-16 19:00:00
2025,6,16,20,0.0,22.75,4.81,2025-06-16 20:00:00
2025,6,16,21,0.0,22.7,4.7,2025-06-16 21:00:00
2025,6,16,22,0.0,22.63,4.64,2025-06-16 22:00:00
2025,6,16,23,0.0,22.63,4.45,2025-06-16 23:00:00
2025,6,17,0,0.0,22.65,4.26,2025-06-17 00:00:00
2025,6,17,1,0.0,22.63,4.1,2025-06-17 01:00:00
2025,6,17,2,0.0,22.64,3.97,2025-06-17 02:00:00
2025,6,17,3,0.0,22.72,3.91,2025-06-17 03:00:00
2025,6,17,4,0.0,22.84,3.64,2025-06-17 04:00:00
2025,6,17,5,0.0,22.92,3.48,2025-06-17 05:00:00
2025,6,17,6,0.0,23.13,3.63,2025-06-17 06:00:00
2025,6,17,7,0.0,23.59,3.95,2025-06-17 07:00:00
2025,6,17,8,0.0,24.26,4.0,2025-06-17 08:00:00
2025,6,17,9,0.0,24.98,4.13,2025-06-17 09:00:00
2025,6,17,10,0.0,25.38,4.22,2025-06-17 10:00:00
2025,6,17,11,0.0,25.49,4.25,2025-06-17 11:00:00
2025,6,17,12,0.0,25.86,4.39,2025-06-17 12:00:00
2025,6,17,13,0.0,26.46,4.75,2025-06-17 13:00:00
2025,6,17,14,0.0,26.75,5.0,2025-06-17 14:00:00
2025,6,17,15,0.0,26.65,4.96,2025-06-17 15:00:00
2025,6,17,16,0.0,26.02,4.49,2025-06-17 16:00:00
2025,6,17,17,0.0,24.96,3.7,2025-06-17 17:00:00
2025,6,17,18,0.0,23.8,2.82,2025-06-17 18:00:00
2025,6,17,19,0.0,22.98,2.26,2025-06-17 19:00:00
2025,6,17,20,0.0,22.65,2.29,2025-06-17 20:00:00
2025,6,17,21,0.0,22.47,2.4,2025-06-17 21:00:00
2025,6,17,22,0.0,22.3,2.24,2025-06-17 22:00:00
2025,6,17,23,0.0,22.23,2.16,2025-06-17 23:00:00
2025,6,18,0,0.0,22.24,2.31,2025-06-18 00:00:00
2025,6,18,1,0.0,22.23,2.73,2025-06-18 01:00:00
2025,6,18,2,0.0,22.11,3.23,2025-06-18 02:00:00
2025,6,18,3,0.0,22.06,3.15,2025-06-18 03:00:00
2025,6,18,4,0.0,22.22,2.89,2025-06-18 04:00:00
2025,6,18,5,0.0,22.34,2.54,2025-06-18 05:00:00
2025,6,18,6,0.0,22.78,2.83,2025-06-18 06:00:00
2025,6,18,7,0.0,23.5,3.58,2025-06-18 07:00:00
2025,6,18,8,0.0,24.66,4.32,2025-06-18 08:00:00
2025,6,18,9,0.0,25.84,4.64,2025-06-18 09:00:00
2025,6,18,10,0.0,27.02,4.92,2025-06-18 10:00:00
2025,6,18,11,0.0,27.62,5.1,2025-06-18 11:00:00
2025,6,18,12,0.0,27.87,5.24,2025-06-18 12:00:00
2025,6,18,13,0.0,28.03,5.38,2025-06-18 13:00:00
2025,6,18,14,0.0,27.73,5.4,2025-06-18 14:00:00
2025,6,18,15,0.0,27.02,5.14,2025-06-18 15:00:00
2025,6,18,16,0.0,26.02,4.69,2025-06-18 16:00:00
2025,6,18,17,0.0,25.0,3.86,2025-06-18 17:00:00
2025,6,18,18,0.0,24.0,3.15,2025-06-18 18:00:00
2025,6,18,19,0.0,23.26,3.01,2025-06-18 19:00:00
2025,6,18,20,0.0,22.97,3.3,2025-06-18 20:00:00
2025,6,18,21,0.0,22.87,3.52,2025-06-18 21:00:00
2025,6,18,22,0.0,22.73,3.55,2025-06-18 22:00:00
2025,6,18,23,0.0,22.64,3.63,2025-06-18 23:00:00
2025,6,19,0,0.0,22.6,3.77,2025-06-19 00:00:00
2025,6,19,1,0.0,22.54,3.72,2025-06-19 01:00:00
2025,6,19,2,0.0,22.48,3.65,2025-06-19 02:00:00
2025,6,19,3,0.0,22.41,3.86,2025-06-19 03:00:00
2025,6,19,4,0.0,22.41,3.95,2025-06-19 04:00:00
2025,6,19,5,0.0,22.44,4.19,2025-06-19 05:00:00
2025,6,19,6,0.0,22.73,4.37,2025-06-19 06:00:00
2025,6,19,7,0.0,23.39,4.63,2025-06-19 07:00:00
2025,6,19,8,0.0,24.24,4.89,2025-06-19 08:00:00
2025,6,19,9,0.0,24.67,5.01,2025-06-19 09:00:00
2025,6,19,10,0.0,24.93,4.96,2025-06-19 10:00:00
2025,6,19,11,0.0,25.09,4.79,2025-06-19 11:00:00
2025,6,19,12,0.0,24.99,4.54,2025-06-19 12:00:00
2025,6,19,13,0.0,24.67,4.38,2025-06-19 13:00:00
2025,6,19,14,0.0,24.29,4.24,2025-06-19 14:00:00
2025,6,19,15,0.0,23.8,4.01,2025-06-19 15:00:00
2025,6,19,16,0.0,23.46,3.47,2025-06-19 16:00:00
2025,6,19,17,0.0,23.18,2.96,2025-06-19 17:00:00
2025,6,19,18,0.0,22.97,2.64,2025-06-19 18:00:00
2025,6,19,19,0.0,22.74,2.76,2025-06-19 19:00:00
2025,6,19,20,0.0,22.53,2.99,2025-06-19 20:00:00
2025,6,19,21,0.0,22.46,2.71,2025-06-19 21:00:00
2025,6,19,22,0.0,22.48,2.62,2025-06-19 22:00:00
2025,6,19,23,0.0,22.4,2.66,2025-06-19 23:00:00
2025,6,20,0,0.0,22.33,2.6,2025-06-20 00:00:00
2025,6,20,1,0.0,22.34,2.57,2025-06-20 01:00:00
2025,6,20,2,0.0,22.32,2.52,2025-06-20 02:00:00
2025,6,20,3,0.0,22.28,2.5,2025-06-20 03:00:00
2025,6,20,4,0.0,22.26,2.71,2025-06-20 04:00:00
2025,6,20,5,0.0,22.31,2.85,2025-06-20 05:00:00
2025,6,20,6,0.0,22.58,2.96,2025-06-20 06:00:00
2025,6,20,7,0.0,23.27,3.13,2025-06-20 07:00:00
2025,6,20,8,0.0,24.3,3.62,2025-06-20 08:00:00
2025,6,20,9,0.0,25.38,4.05,2025-06-20 09:00:00
2025,6,20,10,0.0,26.5,4.5,2025-06-20 10:00:00
2025,6,20,11,0.0,27.43,4.88,2025-06-20 11:00:00
2025,6,20,12,0.0,27.52,4.85,2025-06-20 12:00:00
2025,6,20,13,0.0,27.51,4.78,2025-06-20 13:00:00
2025,6,20,14,0.0,27.13,4.71,2025-06-20 14:00:00
2025,6,20,15,0.0,26.5,4.61,2025-06-20 15:00:00
2025,6,20,16,0.0,25.66,4.36,2025-06-20 16:00:00
2025,6,20,17,0.0,24.73,3.93,2025-06-20 17:00:00
2025,6,20,18,0.0,23.71,3.23,2025-06-20 18:00:00
2025,6,20,19,0.0,23.05,2.66,2025-06-20 19:00:00
2025,6,20,20,0.0,22.86,2.55,2025-06-20 20:00:00
2025,6,20,21,0.0,22.73,2.46,2025-06-20 21:00:00
2025,6,20,22,0.0,22.61,2.61,2025-06-20 22:00:00
2025,6,20,23,0.0,22.53,2.81,2025-06-20 23:00:00
2025,6,21,0,0.0,22.51,3.13,2025-06-21 00:00:00
2025,6,21,1,0.0,22.47,3.28,2025-06-21 01:00:00
2025,6,21,2,0.0,22.41,3.22,2025-06-21 02:00:00
2025,6,21,3,0.0,22.39,2.9,2025-06-21 03:00:00
2025,6,21,4,0.0,22.36,2.46,2025-06-21 04:00:00
2025,6,21,5,0.0,22.39,2.33,2025-06-21 05:00:00
2025,6,21,6,0.0,22.78,2.87,2025-06-21 06:00:00
2025,6,21,7,0.0,23.7,3.32,2025-06-21 07:00:00
2025,6,21,8,0.0,24.95,3.65,2025-06-21 08:00:00
2025,6,21,9,0.0,26.16,4.01,2025-06-21 09:00:00
2025,6,21,10,0.0,26.77,4.49,2025-06-21 10:00:00
2025,6,21,11,0.0,27.34,5.05,2025-06-21 11:00:00
2025,6,21,12,0.0,27.61,5.33,2025-06-21 12:00:00
2025,6,21,13,0.0,27.44,5.26,2025-06-21 13:00:00
2025,6,21,14,0.0,26.96,5.03,2025-06-21 14:00:00
2025,6,21,15,0.0,26.38,4.74,2025-06-21 15:00:00
2025,6,21,16,0.0,25.49,4.25,2025-06-21 16:00:00
2025,6,21,17,0.0,24.54,3.56,2025-06-21 17:00:00
2025,6,21,18,0.0,23.56,2.82,2025-06-21 18:00:00
2025,6,21,19,0.0,22.83,2.32,2025-06-21 19:00:00
2025,6,21,20,0.0,22.47,2.07,2025-06-21 20:00:00
2025,6,21,21,0.0,22.3,1.95,2025-06-21 21:00:00
2025,6,21,22,0.0,22.23,1.99,2025-06-21 22:00:00
2025,6,21,23,0.0,22.15,2.17,2025-06-21 23:00:00
2025,6,22,0,0.0,22.09,2.36,2025-06-22 00:00:00
2025,6,22,1,0.0,22.14,2.46,2025-06-22 01:00:00
2025,6,22,2,0.0,22.22,2.67,2025-06-22 02:00:00
2025,6,22,3,0.0,22.15,2.8,2025-06-22 03:00:00
2025,6,22,4,0.0,22.14,2.83,2025-06-22 04:00:00
2025,6,22,5,0.0,22.14,2.74,2025-06-22 05:00:00
2025,6,22,6,0.0,22.66,3.06,2025-06-22 06:00:00
2025,6,22,7,0.0,23.73,3.69,2025-06-22 07:00:00
2025,6,22,8,0.0,24.83,4.1,2025-06-22 08:00:00
2025,6,22,9,0.0,25.94,4.52,2025-06-22 09:00:00
2025,6,22,10,0.0,26.5,4.83,2025-06-22 10:00:00
2025,6,22,11,0.0,26.48,4.88,2025-06-22 11:00:00
2025,6,22,12,0.0,26.62,4.89,2025-06-22 12:00:00
2025,6,22,13,0.0,26.88,4.87,2025-06-22 13:00:00
2025,6,22,14,0.0,26.84,4.92,2025-06-22 14:00:00
2025,6,22,15,0.0,26.21,4.79,2025-06-22 15:00:00
2025,6,22,16,0.0,25.49,4.46,2025-06-22 16:00:00
2025,6,22,17,0.0,24.65,4.02,2025-06-22 17:00:00
2025,6,22,18,0.0,23.59,3.42,2025-06-22 18:00:00
2025,6,22,19,0.0,22.86,3.36,2025-06-22 19:00:00
2025,6,22,20,0.0,22.6,3.2,2025-06-22 20:00:00
2025,6,22,21,0.0,22.51,3.12,2025-06-22 21:00:00
2025,6,22,22,0.0,22.44,3.13,2025-06-22 22:00:00
2025,6,22,23,0.0,22.28,3.27,2025-06-22 23:00:00
2025,6,23,0,0.0,22.14,3.39,2025-06-23 00:00:00
2025,6,23,1,0.0,22.05,3.38,2025-06-23 01:00:00
2025,6,23,2,0.0,22.02,3.35,2025-06-23 02:00:00
2025,6,23,3,0.0,22.03,3.32,2025-06-23 03:00:00
2025,6,23,4,0.0,22.09,3.36,2025-06-23 04:00:00
2025,6,23,5,0.0,22.2,3.22,2025-06-23 05:00:00
2025,6,23,6,0.0,22.52,3.41,2025-06-23 06:00:00
2025,6,23,7,0.0,23.12,3.69,2025-06-23 07:00:00
2025,6,23,8,0.0,24.14,4.24,2025-06-23 08:00:00
2025,6,23,9,0.0,25.22,4.82,2025-06-23 09:00:00
2025,6,23,10,0.0,25.98,5.25,2025-06-23 10:00:00
2025,6,23,11,0.0,26.4,5.58,2025-06-23 11:00:00
2025,6,23,12,0.0,26.5,5.62,2025-06-23 12:00:00
2025,6,23,13,0.0,26.51,5.62,2025-06-23 13:00:00
2025,6,23,14,0.0,26.21,5.64,2025-06-23 14:00:00
2025,6,23,15,0.0,25.52,5.35,2025-06-23 15:00:00
2025,6,23,16,0.0,24.52,4.99,2025-06-23 16:00:00
2025,6,23,17,0.0,23.73,4.55,2025-06-23 17:00:00
2025,6,23,18,0.0,22.8,4.2,2025-06-23 18:00:00
2025,6,23,19,0.0,22.15,4.18,2025-06-23 19:00:00
2025,6,23,20,0.0,22.02,4.1,2025-06-23 20:00:00
2025,6,23,21,0.0,21.94,3.79,2025-06-23 21:00:00
2025,6,23,22,0.0,21.83,3.62,2025-06-23 22:00:00
2025,6,23,23,0.0,21.73,3.53,2025-06-23 23:00:00
2025,6,24,0,0.0,21.63,3.61,2025-06-24 00:00:00
2025,6,24,1,0.0,21.64,3.76,2025-06-24 01:00:00
2025,6,24,2,0.0,21.71,3.88,2025-06-24 02:00:00
2025,6,24,3,0.0,21.73,3.74,2025-06-24 03:00:00
2025,6,24,4,0.0,21.86,3.24,2025-06-24 04:00:00
2025,6,24,5,0.0,22.06,3.01,2025-06-24 05:00:00
2025,6,24,6,0.0,22.33,3.16,2025-06-24 06:00:00
2025,6,24,7,0.0,22.73,3.47,2025-06-24 07:00:00
2025,6,24,8,0.0,23.17,3.82,2025-06-24 08:00:00
2025,6,24,9,0.0,23.71,4.05,2025-06-24 09:00:00
2025,6,24,10,0.0,24.17,4.37,2025-06-24 10:00:00
2025,6,24,11,0.0,24.26,4.62,2025-06-24 11:00:00
2025,6,24,12,0.0,24.07,4.64,2025-06-24 12:00:00
2025,6,24,13,0.0,24.43,4.51,2025-06-24 13:00:00
2025,6,24,14,0.0,24.46,4.58,2025-06-24 14:00:00
2025,6,24,15,0.0,24.23,4.34,2025-06-24 15:00:00
2025,6,24,16,0.0,24.22,4.18,2025-06-24 16:00:00
2025,6,24,17,0.0,23.68,3.84,2025-06-24 17:00:00
2025,6,24,18,0.0,22.94,3.41,2025-06-24 18:00:00
2025,6,24,19,0.0,22.7,3.09,2025-06-24 19:00:00
2025,6,24,20,0.0,22.72,3.12,2025-06-24 20:00:00
2025,6,24,21,0.0,22.63,3.11,2025-06-24 21:00:00
2025,6,24,22,0.0,22.61,2.83,2025-06-24 22:00:00
2025,6,24,23,0.0,22.54,2.87,2025-06-24 23:00:00
2025,6,25,0,0.0,22.35,2.94,2025-06-25 00:00:00
2025,6,25,1,0.0,22.23,3.11,2025-06-25 01:00:00
2025,6,25,2,0.0,22.18,3.15,2025-06-25 02:00:00
2025,6,25,3,0.0,22.19,3.14,2025-06-25 03:00:00
2025,6,25,4,0.0,22.23,3.01,2025-06-25 04:00:00
2025,6,25,5,0.0,22.3,2.81,2025-06-25 05:00:00
2025,6,25,6,0.0,22.68,2.91,2025-06-25 06:00:00
2025,6,25,7,0.0,23.31,3.25,2025-06-25 07:00:00
2025,6,25,8,0.0,23.84,3.41,2025-06-25 08:00:00
2025,6,25,9,0.0,24.56,3.59,2025-06-25 09:00:00
2025,6,25,10,0.0,24.99,3.95,2025-06-25 10:00:00
2025,6,25,11,0.0,25.28,4.29,2025-06-25 11:00:00
2025,6,25,12,0.0,25.81,4.39,2025-06-25 12:00:00
2025,6,25,13,0.0,25.82,4.21,2025-06-25 13:00:00
2025,6,25,14,0.0,25.42,3.98,2025-06-25 14:00:00
2025,6,25,15,0.0,25.13,3.71,2025-06-25 15:00:00
2025,6,25,16,0.0,24.69,3.57,2025-06-25 16:00:00
2025,6,25,17,0.0,24.13,3.25,2025-06-25 17:00:00
2025,6,25,18,0.0,23.62,2.94,2025-06-25 18:00:00
2025,6,25,19,0.0,23.32,2.69,2025-06-25 19:00:00
2025,6,25,20,0.0,23.14,2.86,2025-06-25 20:00:00
2025,6,25,21,0.0,23.04,2.73,2025-06-25 21:00:00
2025,6,25,22,0.0,22.96,2.71,2025-06-25 22:00:00
2025,6,25,23,0.0,22.86,2.8,2025-06-25 23:00:00
2025,6,26,0,0.0,22.75,2.9,2025-06-26 00:00:00
2025,6,26,1,0.0,22.58,3.16,2025-06-26 01:00:00
2025,6,26,2,0.0,22.41,3.28,2025-06-26 02:00:00
2025,6,26,3,0.0,22.34,3.41,2025-06-26 03:00:00
2025,6,26,4,0.0,22.43,3.29,2025-06-26 04:00:00
2025,6,26,5,0.0,22.43,2.85,2025-06-26 05:00:00
2025,6,26,6,0.0,22.6,2.57,2025-06-26 06:00:00
2025,6,26,7,0.0,23.07,2.85,2025-06-26 07:00:00
2025,6,26,8,0.0,23.75,3.2,2025-06-26 08:00:00
2025,6,26,9,0.0,24.68,3.78,2025-06-26 09:00:00
2025,6,26,10,0.0,25.31,3.96,2025-06-26 10:00:00
2025,6,26,11,0.0,25.76,4.15,2025-06-26 11:00:00
2025,6,26,12,0.0,25.68,4.2,2025-06-26 12:00:00
2025,6,26,13,0.0,25.36,4.32,2025-06-26 13:00:00
2025,6,26,14,0.0,24.91,4.26,2025-06-26 14:00:00
2025,6,26,15,0.0,24.56,4.2,2025-06-26 15:00:00
2025,6,26,16,0.0,24.23,4.11,2025-06-26 16:00:00
2025,6,26,17,0.0,23.76,3.77,2025-06-26 17:00:00
2025,6,26,18,0.0,23.15,3.27,2025-06-26 18:00:00
2025,6,26,19,0.0,22.7,3.11,2025-06-26 19:00:00
2025,6,26,20,0.0,22.51,2.97,2025-06-26 20:00:00
2025,6,26,21,0.0,22.38,2.76,2025-06-26 21:00:00
2025,6,26,22,0.0,22.36,2.73,2025-06-26 22:00:00
2025,6,26,23,0.0,22.34,2.81,2025-06-26 23:00:00
2025,6,27,0,0.0,22.29,2.83,2025-06-27 00:00:00
2025,6,27,1,0.0,22.28,2.94,2025-06-27 01:00:00
2025,6,27,2,0.0,22.24,3.2,2025-06-27 02:00:00
2025,6,27,3,0.0,22.24,3.5,2025-06-27 03:00:00
2025,6,27,4,0.0,22.25,3.56,2025-06-27 04:00:00
2025,6,27,5,0.0,22.28,3.24,2025-06-27 05:00:00
2025,6,27,6,0.0,22.5,3.17,2025-06-27 06:00:00
2025,6,27,7,0.0,23.0,3.34,2025-06-27 07:00:00
2025,6,27,8,0.0,23.31,3.75,2025-06-27 08:00:00
2025,6,27,9,0.0,23.94,4.16,2025-06-27 09:00:00
2025,6,27,10,0.0,24.91,4.28,2025-06-27 10:00:00
2025,6,27,11,0.0,25.51,4.38,2025-06-27 11:00:00
2025,6,27,12,0.0,25.48,4.47,2025-06-27 12:00:00
2025,6,27,13,0.0,25.25,4.25,2025-06-27 13:00:00
2025,6,27,14,0.0,24.71,3.84,2025-06-27 14:00:00
2025,6,27,15,0.0,24.32,3.64,2025-06-27 15:00:00
2025,6,27,16,0.0,24.1,3.6,2025-06-27 16:00:00
2025,6,27,17,0.0,23.65,3.24,2025-06-27 17:00:00
2025,6,27,18,0.0,23.17,2.72,2025-06-27 18:00:00
2025,6,27,19,0.0,22.81,2.38,2025-06-27 19:00:00
2025,6,27,20,0.0,22.63,2.27,2025-06-27 20:00:00
2025,6,27,21,0.0,22.47,2.5,2025-06-27 21:00:00
2025,6,27,22,0.0,22.41,2.59,2025-06-27 22:00:00
2025,6,27,23,0.0,22.4,2.71,2025-06-27 23:00:00
2025,6,28,0,0.0,22.23,2.81,2025-06-28 00:00:00
2025,6,28,1,0.0,21.98,2.87,2025-06-28 01:00:00
2025,6,28,2,0.0,21.76,2.87,2025-06-28 02:00:00
2025,6,28,3,0.0,21.58,2.64,2025-06-28 03:00:00
2025,6,28,4,0.0,21.55,2.39,2025-06-28 04:00:00
2025,6,28,5,0.0,21.56,2.33,2025-06-28 05:00:00
2025,6,28,6,0.0,21.9,2.83,2025-06-28 06:00:00
2025,6,28,7,0.0,22.82,3.37,2025-06-28 07:00:00
2025,6,28,8,0.0,24.21,3.86,2025-06-28 08:00:00
2025,6,28,9,0.0,25.47,4.32,2025-06-28 09:00:00
2025,6,28,10,0.0,26.28,4.75,2025-06-28 10:00:00
2025,6,28,11,0.0,26.88,5.06,2025-06-28 11:00:00
2025,6,28,12,0.0,27.2,5.2,2025-06-28 12:00:00
2025,6,28,13,0.0,27.23,5.2,2025-06-28 13:00:00
2025,6,28,14,0.0,26.98,5.14,2025-06-28 14:00:00
2025,6,28,15,0.0,26.47,4.94,2025-06-28 15:00:00
2025,6,28,16,0.0,25.62,4.6,2025-06-28 16:00:00
2025,6,28,17,0.0,24.52,4.17,2025-06-28 17:00:00
2025,6,28,18,0.0,23.39,3.64,2025-06-28 18:00:00
2025,6,28,19,0.0,22.79,3.33,2025-06-28 19:00:00
2025,6,28,20,0.0,22.63,3.24,2025-06-28 20:00:00
2025,6,28,21,0.0,22.5,3.11,2025-06-28 21:00:00
2025,6,28,22,0.0,22.44,3.17,2025-06-28 22:00:00
2025,6,28,23,0.0,22.4,3.15,2025-06-28 23:00:00
2025,6,29,0,0.0,22.34,3.09,2025-06-29 00:00:00
2025,6,29,1,0.0,22.22,3.01,2025-06-29 01:00:00
2025,6,29,2,0.0,22.1,2.95,2025-06-29 02:00:00
2025,6,29,3,0.0,21.95,2.87,2025-06-29 03:00:00
2025,6,29,4,0.0,21.76,2.71,2025-06-29 04:00:00
2025,6,29,5,0.0,21.68,2.69,2025-06-29 05:00:00
2025,6,29,6,0.0,21.86,2.99,2025-06-29 06:00:00
2025,6,29,7,0.0,22.36,3.43,2025-06-29 07:00:00
2025,6,29,8,0.0,23.01,3.57,2025-06-29 08:00:00
2025,6,29,9,0.0,24.01,3.82,2025-06-29 09:00:00
2025,6,29,10,0.0,25.1,4.06,2025-06-29 10:00:00
2025,6,29,11,0.0,25.89,4.38,2025-06-29 11:00:00
2025,6,29,12,0.0,26.07,4.71,2025-06-29 12:00:00
2025,6,29,13,0.0,25.99,4.84,2025-06-29 13:00:00
2025,6,29,14,0.0,25.94,4.78,2025-06-29 14:00:00
2025,6,29,15,0.0,25.51,4.7,2025-06-29 15:00:00
2025,6,29,16,0.0,24.62,4.13,2025-06-29 16:00:00
2025,6,29,17,0.0,23.77,3.36,2025-06-29 17:00:00
2025,6,29,18,0.0,23.09,2.84,2025-06-29 18:00:00
2025,6,29,19,0.0,22.63,2.77,2025-06-29 19:00:00
2025,6,29,20,0.0,22.39,2.78,2025-06-29 20:00:00
2025,6,29,21,0.0,22.28,3.02,2025-06-29 21:00:00
2025,6,29,22,0.0,22.19,3.25,2025-06-29 22:00:00
2025,6,29,23,0.0,22.1,3.27,2025-06-29 23:00:00
2025,6,30,0,0.0,22.1,3.28,2025-06-30 00:00:00
2025,6,30,1,0.0,22.12,3.26,2025-06-30 01:00:00
2025,6,30,2,0.0,22.14,3.32,2025-06-30 02:00:00
2025,6,30,3,0.0,22.24,3.3,2025-06-30 03:00:00
2025,6,30,4,0.0,22.35,3.13,2025-06-30 04:00:00
2025,6,30,5,0.0,22.39,3.21,2025-06-30 05:00:00
2025,6,30,6,0.0,22.51,3.32,2025-06-30 06:00:00
2025,6,30,7,0.0,23.0,3.39,2025-06-30 07:00:00
2025,6,30,8,0.0,23.59,3.53,2025-06-30 08:00:00
2025,6,30,9,0.0,24.12,3.81,2025-06-30 09:00:00
2025,6,30,10,0.0,24.44,4.06,2025-06-30 10:00:00
2025,6,30,11,0.0,24.96,4.3,2025-06-30 11:00:00
2025,6,30,12,0.0,25.21,4.47,2025-06-30 12:00:00
2025,6,30,13,0.0,25.52,4.41,2025-06-30 13:00:00
2025,6,30,14,0.0,25.64,4.42,2025-06-30 14:00:00
2025,6,30,15,0.0,25.18,4.38,2025-06-30 15:00:00
2025,6,30,16,0.0,24.64,4.26,2025-06-30 16:00:00
2025,6,30,17,0.0,23.78,3.88,2025-06-30 17:00:00
2025,6,30,18,0.0,22.89,3.44,2025-06-30 18:00:00
2025,6,30,19,0.0,22.45,3.04,2025-06-30 19:00:00
2025,6,30,20,0.0,22.37,2.94,2025-06-30 20:00:00
2025,6,30,21,0.0,22.29,2.95,2025-06-30 21:00:00
2025,6,30,22,0.0,22.18,3.0,2025-06-30 22:00:00
2025,6,30,23,0.0,21.99,3.04,2025-06-30 23:00:00
2025,7,1,0,0.0,21.89,3.08,2025-07-01 00:00:00
2025,7,1,1,0.0,21.87,2.92,2025-07-01 01:00:00
2025,7,1,2,0.0,21.84,2.87,2025-07-01 02:00:00
2025,7,1,3,0.0,21.8,2.85,2025-07-01 03:00:00
2025,7,1,4,0.0,21.74,2.78,2025-07-01 04:00:00
2025,7,1,5,0.0,21.72,2.78,2025-07-01 05:00:00
2025,7,1,6,0.0,21.93,2.99,2025-07-01 06:00:00
2025,7,1,7,0.0,22.54,3.13,2025-07-01 07:00:00
2025,7,1,8,0.0,23.21,3.17,2025-07-01 08:00:00
2025,7,1,9,0.0,23.93,3.37,2025-07-01 09:00:00
2025,7,1,10,0.0,24.41,3.56,2025-07-01 10:00:00
2025,7,1,11,0.0,24.59,3.73,2025-07-01 11:00:00
2025,7,1,12,0.0,24.57,3.91,2025-07-01 12:00:00
2025,7,1,13,0.0,24.25,3.7,2025-07-01 13:00:00
2025,7,1,14,0.0,24.0,3.45,2025-07-01 14:00:00
2025,7,1,15,0.0,23.57,3.41,2025-07-01 15:00:00
2025,7,1,16,0.0,23.14,3.14,2025-07-01 16:00:00
2025,7,1,17,0.0,22.78,2.81,2025-07-01 17:00:00
2025,7,1,18,0.0,22.5,2.51,2025-07-01 18:00:00
2025,7,1,19,0.0,22.25,2.5,2025-07-01 19:00:00
2025,7,1,20,0.0,22.16,2.39,2025-07-01 20:00:00
2025,7,1,21,0.0,22.15,2.35,2025-07-01 21:00:00
2025,7,1,22,0.0,22.2,2.42,2025-07-01 22:00:00
2025,7,1,23,0.0,22.16,2.78,2025-07-01 23:00:00
2025,7,2,0,0.0,21.98,2.76,2025-07-02 00:00:00
2025,7,2,1,0.0,21.9,2.71,2025-07-02 01:00:00
2025,7,2,2,0.0,21.92,2.83,2025-07-02 02:00:00
2025,7,2,3,0.0,21.95,2.89,2025-07-02 03:00:00
2025,7,2,4,0.0,21.99,2.97,2025-07-02 04:00:00
2025,7,2,5,0.0,22.05,3.06,2025-07-02 05:00:00
2025,7,2,6,0.0,22.23,3.34,2025-07-02 06:00:00
2025,7,2,7,0.0,22.71,3.71,2025-07-02 07:00:00
2025,7,2,8,0.0,23.46,3.93,2025-07-02 08:00:00
2025,7,2,9,0.0,24.16,4.02,2025-07-02 09:00:00
2025,7,2,10,0.0,24.99,4.44,2025-07-02 10:00:00
2025,7,2,11,0.0,25.33,4.72,2025-07-02 11:00:00
2025,7,2,12,0.0,24.95,4.7,2025-07-02 12:00:00
2025,7,2,13,0.0,24.58,4.8,2025-07-02 13:00:00
2025,7,2,14,0.0,24.0,4.42,2025-07-02 14:00:00
2025,7,2,15,0.0,23.54,3.93,2025-07-02 15:00:00
2025,7,2,16,0.0,23.12,3.54,2025-07-02 16:00:00
2025,7,2,17,0.0,22.62,3.23,2025-07-02 17:00:00
2025,7,2,18,0.0,22.2,2.82,2025-07-02 18:00:00
2025,7,2,19,0.0,21.9,2.47,2025-07-02 19:00:00
2025,7,2,20,0.0,21.76,2.46,2025-07-02 20:00:00
2025,7,2,21,0.0,21.75,2.63,2025-07-02 21:00:00
2025,7,2,22,0.0,21.8,2.68,2025-07-02 22:00:00
2025,7,2,23,0.0,21.81,2.74,2025-07-02 23:00:00
2025,7,3,0,0.0,21.84,3.01,2025-07-03 00:00:00
2025,7,3,1,0.0,21.91,3.19,2025-07-03 01:00:00
2025,7,3,2,0.0,21.99,3.29,2025-07-03 02:00:00
2025,7,3,3,0.0,21.99,3.16,2025-07-03 03:00:00
2025,7,3,4,0.0,22.01,3.14,2025-07-03 04:00:00
2025,7,3,5,0.0,22.02,3.11,2025-07-03 05:00:00
2025,7,3,6,0.0,22.25,2.91,2025-07-03 06:00:00
2025,7,3,7,0.0,22.6,3.12,2025-07-03 07:00:00
2025,7,3,8,0.0,23.38,3.74,2025-07-03 08:00:00
2025,7,3,9,0.0,24.16,4.41,2025-07-03 09:00:00
2025,7,3,10,0.0,24.8,4.6,2025-07-03 10:00:00
2025,7,3,11,0.0,25.21,4.62,2025-07-03 11:00:00
2025,7,3,12,0.0,24.87,4.37,2025-07-03 12:00:00
2025,7,3,13,0.0,24.3,4.06,2025-07-03 13:00:00
2025,7,3,14,0.0,23.75,3.77,2025-07-03 14:00:00
2025,7,3,15,0.0,23.43,3.75,2025-07-03 15:00:00
2025,7,3,16,0.0,23.27,3.68,2025-07-03 16:00:00
2025,7,3,17,0.0,23.07,3.5,2025-07-03 17:00:00
2025,7,3,18,0.0,22.74,3.23,2025-07-03 18:00:00
2025,7,3,19,0.0,22.48,3.31,2025-07-03 19:00:00
2025,7,3,20,0.0,22.31,3.41,2025-07-03 20:00:00
2025,7,3,21,0.0,22.17,3.44,2025-07-03 21:00:00
2025,7,3,22,0.0,22.05,3.46,2025-07-03 22:00:00
2025,7,3,23,0.0,22.0,3.66,2025-07-03 23:00:00
2025,7,4,0,0.0,21.98,3.82,2025-07-04 00:00:00
2025,7,4,1,0.0,21.96,3.96,2025-07-04 01:00:00
2025,7,4,2,0.0,22.0,3.82,2025-07-04 02:00:00
2025,7,4,3,0.0,22.05,3.55,2025-07-04 03:00:00
2025,7,4,4,0.0,22.18,3.19,2025-07-04 04:00:00
2025,7,4,5,0.0,22.29,3.08,2025-07-04 05:00:00
2025,7,4,6,0.0,22.47,3.28,2025-07-04 06:00:00
2025,7,4,7,0.0,22.87,3.79,2025-07-04 07:00:00
2025,7,4,8,0.0,23.43,4.38,2025-07-04 08:00:00
2025,7,4,9,0.0,24.25,4.64,2025-07-04 09:00:00
2025,7,4,10,0.0,25.02,4.74,2025-07-04 10:00:00
2025,7,4,11,0.0,25.29,4.79,2025-07-04 11:00:00
2025,7,4,12,0.0,25.15,4.73,2025-07-04 12:00:00
2025,7,4,13,0.0,24.9,4.52,2025-07-04 13:00:00
2025,7,4,14,0.0,24.76,4.51,2025-07-04 14:00:00
2025,7,4,15,0.0,24.41,4.14,2025-07-04 15:00:00
2025,7,4,16,0.0,23.97,4.07,2025-07-04 16:00:00
2025,7,4,17,0.0,23.5,4.02,2025-07-04 17:00:00
2025,7,4,18,0.0,22.88,3.58,2025-07-04 18:00:00
2025,7,4,19,0.0,22.48,3.13,2025-07-04 19:00:00
2025,7,4,20,0.0,22.34,3.04,2025-07-04 20:00:00
2025,7,4,21,0.0,22.2,3.23,2025-07-04 21:00:00
2025,7,4,22,0.0,22.07,3.11,2025-07-04 22:00:00
2025,7,4,23,0.0,22.01,3.25,2025-07-04 23:00:00
2025,7,5,0,0.0,22.08,3.41,2025-07-05 00:00:00
2025,7,5,1,0.0,22.14,3.49,2025-07-05 01:00:00
2025,7,5,2,0.0,22.15,3.56,2025-07-05 02:00:00
2025,7,5,3,0.0,22.13,3.62,2025-07-05 03:00:00
2025,7,5,4,0.0,22.19,3.39,2025-07-05 04:00:00
2025,7,5,5,0.0,22.2,3.64,2025-07-05 05:00:00
2025,7,5,6,0.0,22.38,3.73,2025-07-05 06:00:00
2025,7,5,7,0.0,22.99,3.72,2025-07-05 07:00:00
2025,7,5,8,0.0,23.51,3.67,2025-07-05 08:00:00
2025,7,5,9,0.0,23.83,3.82,2025-07-05 09:00:00
2025,7,5,10,0.0,24.18,4.29,2025-07-05 10:00:00
2025,7,5,11,0.0,24.54,4.75,2025-07-05 11:00:00
2025,7,5,12,0.0,24.39,4.73,2025-07-05 12:00:00
2025,7,5,13,0.0,23.89,4.55,2025-07-05 13:00:00
2025,7,5,14,0.0,23.48,4.37,2025-07-05 14:00:00
2025,7,5,15,0.0,23.38,4.16,2025-07-05 15:00:00
2025,7,5,16,0.0,23.21,4.11,2025-07-05 16:00:00
2025,7,5,17,0.0,22.96,4.08,2025-07-05 17:00:00
2025,7,5,18,0.0,22.69,3.9,2025-07-05 18:00:00
2025,7,5,19,0.0,22.45,3.84,2025-07-05 19:00:00
2025,7,5,20,0.0,22.24,3.97,2025-07-05 20:00:00
2025,7,5,21,0.0,22.13,4.13,2025-07-05 21:00:00
2025,7,5,22,0.0,22.07,4.08,2025-07-05 22:00:00
2025,7,5,23,0.0,22.05,4.02,2025-07-05 23:00:00
2025,7,6,0,0.0,22.09,3.89,2025-07-06 00:00:00
2025,7,6,1,0.0,22.19,3.81,2025-07-06 01:00:00
2025,7,6,2,0.0,22.28,3.79,2025-07-06 02:00:00
2025,7,6,3,0.0,22.3,3.83,2025-07-06 03:00:00
2025,7,6,4,0.0,22.27,3.71,2025-07-06 04:00:00
2025,7,6,5,0.0,22.12,3.57,2025-07-06 05:00:00
2025,7,6,6,0.0,22.21,3.52,2025-07-06 06:00:00
2025,7,6,7,0.0,22.57,3.7,2025-07-06 07:00:00
2025,7,6,8,0.0,23.04,4.1,2025-07-06 08:00:00
2025,7,6,9,0.0,23.62,4.51,2025-07-06 09:00:00
2025,7,6,10,0.0,24.43,5.09,2025-07-06 10:00:00
2025,7,6,11,0.0,24.86,5.4,2025-07-06 11:00:00
2025,7,6,12,0.0,24.77,5.49,2025-07-06 12:00:00
2025,7,6,13,0.0,24.59,5.32,2025-07-06 13:00:00
2025,7,6,14,0.0,24.08,4.85,2025-07-06 14:00:00
2025,7,6,15,0.0,23.75,4.31,2025-07-06 15:00:00
2025,7,6,16,0.0,23.47,4.0,2025-07-06 16:00:00
2025,7,6,17,0.0,23.11,3.72,2025-07-06 17:00:00
2025,7,6,18,0.0,22.79,3.5,2025-07-06 18:00:00
2025,7,6,19,0.0,22.59,3.43,2025-07-06 19:00:00
2025,7,6,20,0.0,22.45,3.62,2025-07-06 20:00:00
2025,7,6,21,0.0,22.39,3.52,2025-07-06 21:00:00
2025,7,6,22,0.0,22.33,3.47,2025-07-06 22:00:00
2025,7,6,23,0.0,22.26,3.4,2025-07-06 23:00:00
2025,7,7,0,0.0,0.0,0.0,2025-07-07 00:00:00
2025,7,7,1,0.0,0.0,0.0,2025-07-07 01:00:00
2025,7,7,2,0.0,0.0,0.0,2025-07-07 02:00:00
2025,7,7,3,0.0,0.0,0.0,2025-07-07 03:00:00
2025,7,7,4,0.0,0.0,0.0,2025-07-07 04:00:00
2025,7,7,5,0.0,0.0,0.0,2025-07-07 05:00:00
2025,7,7,6,0.0,0.0,0.0,2025-07-07 06:00:00
2025,7,7,7,0.0,0.0,0.0,2025-07-07 07:00:00
2025,7,7,8,0.0,0.0,0.0,2025-07-07 08:00:00
2025,7,7,9,0.0,0.0,0.0,2025-07-07 09:00:00
2025,7,7,10,0.0,0.0,0.0,2025-07-07 10:00:00
2025,7,7,11,0.0,0.0,0.0,2025-07-07 11:00:00
2025,7,7,12,0.0,0.0,0.0,2025-07-07 12:00:00
2025,7,7,13,0.0,0.0,0.0,2025-07-07 13:00:00
2025,7,7,14,0.0,0.0,0.0,2025-07-07 14:00:00
2025,7,7,15,0.0,0.0,0.0,2025-07-07 15:00:00
2025,7,7,16,0.0,0.0,0.0,2025-07-07 16:00:00
2025,7,7,17,0.0,0.0,0.0,2025-07-07 17:00:00
2025,7,7,18,0.0,0.0,0.0,2025-07-07 18:00:00
2025,7,7,19,0.0,0.0,0.0,2025-07-07 19:00:00
2025,7,7,20,0.0,0.0,0.0,2025-07-07 20:00:00
2025,7,7,21,0.0,0.0,0.0,2025-07-07 21:00:00
2025,7,7,22,0.0,0.0,0.0,2025-07-07 22:00:00
2025,7,7,23,0.0,0.0,0.0,2025-07-07 23:00:00
2025,7,8,0,0.0,0.0,0.0,2025-07-08 00:00:00
2025,7,8,1,0.0,0.0,0.0,2025-07-08 01:00:00
2025,7,8,2,0.0,0.0,0.0,2025-07-08 02:00:00
2025,7,8,3,0.0,0.0,0.0,2025-07-08 03:00:00
2025,7,8,4,0.0,0.0,0.0,2025-07-08 04:00:00
2025,7,8,5,0.0,0.0,0.0,2025-07-08 05:00:00
2025,7,8,6,0.0,0.0,0.0,2025-07-08 06:00:00
2025,7,8,7,0.0,0.0,0.0,2025-07-08 07:00:00
2025,7,8,8,0.0,0.0,0.0,2025-07-08 08:00:00
2025,7,8,9,0.0,0.0,0.0,2025-07-08 09:00:00
2025,7,8,10,0.0,0.0,0.0,2025-07-08 10:00:00
2025,7,8,11,0.0,0.0,0.0,2025-07-08 11:00:00
2025,7,8,12,0.0,0.0,0.0,2025-07-08 12:00:00
2025,7,8,13,0.0,0.0,0.0,2025-07-08 13:00:00
2025,7,8,14,0.0,0.0,0.0,2025-07-08 14:00:00
2025,7,8,15,0.0,0.0,0.0,2025-07-08 15:00:00
2025,7,8,16,0.0,0.0,0.0,2025-07-08 16:00:00
2025,7,8,17,0.0,0.0,0.0,2025-07-08 17:00:00
2025,7,8,18,0.0,0.0,0.0,2025-07-08 18:00:00
2025,7,8,19,0.0,0.0,0.0,2025-07-08 19:00:00
2025,7,8,20,0.0,0.0,0.0,2025-07-08 20:00:00
2025,7,8,21,0.0,0.0,0.0,2025-07-08 21:00:00
2025,7,8,22,0.0,0.0,0.0,2025-07-08 22:00:00
2025,7,8,23,0.0,0.0,0.0,2025-07-08 23:00:00
2025,7,9,0,0.0,0.0,0.0,2025-07-09 00:00:00
2025,7,9,1,0.0,0.0,0.0,2025-07-09 01:00:00
2025,7,9,2,0.0,0.0,0.0,2025-07-09 02:00:00
2025,7,9,3,0.0,0.0,0.0,2025-07-09 03:00:00
2025,7,9,4,0.0,0.0,0.0,2025-07-09 04:00:00
2025,7,9,5,0.0,0.0,0.0,2025-07-09 05:00:00
2025,7,9,6,0.0,0.0,0.0,2025-07-09 06:00:00
2025,7,9,7,0.0,0.0,0.0,2025-07-09 07:00:00
2025,7,9,8,0.0,0.0,0.0,2025-07-09 08:00:00
2025,7,9,9,0.0,0.0,0.0,2025-07-09 09:00:00
2025,7,9,10,0.0,0.0,0.0,2025-07-09 10:00:00
2025,7,9,11,0.0,0.0,0.0,2025-07-09 11:00:00
2025,7,9,12,0.0,0.0,0.0,2025-07-09 12:00:00
2025,7,9,13,0.0,0.0,0.0,2025-07-09 13:00:00
2025,7,9,14,0.0,0.0,0.0,2025-07-09 14:00:00
2025,7,9,15,0.0,0.0,0.0,2025-07-09 15:00:00
2025,7,9,16,0.0,0.0,0.0,2025-07-09 16:00:00
2025,7,9,17,0.0,0.0,0.0,2025-07-09 17:00:00
2025,7,9,18,0.0,0.0,0.0,2025-07-09 18:00:00
2025,7,9,19,0.0,0.0,0.0,2025-07-09 19:00:00
2025,7,9,20,0.0,0.0,0.0,2025-07-09 20:00:00
2025,7,9,21,0.0,0.0,0.0,2025-07-09 21:00:00
2025,7,9,22,0.0,0.0,0.0,2025-07-09 22:00:00
2025,7,9,23,0.0,0.0,0.0,2025-07-09 23:00:00
